course,filename
anatomi_och_histologi_1,"15JrIzJSbnDTuvXN28It_Tentamen_anatomi_och_histologi_del_1,_LPG001_Ht22.pdf.pdf"
anatomi_och_histologi_1,1bUxsUPNmSevHkDD8VMZ_GA_.pdf
anatomi_och_histologi_1,"6calkpzoQvMVoIKQQOE2_Tentamen_i_Anatomi_och_histologi,_del_1_-_HT25.pdf"
anatomi_och_histologi_1,93lR1yNlFEwN5eAvhKbF_Omtenta_anatomi_&_histologi_del_1.pdf
anatomi_och_histologi_1,Bpl5jii6VAQioWfGFFGK_2192721_125289572_121914379_3.pdf.pdf
anatomi_och_histologi_1,D0CGK3Yf8EpICC8FW3DP_Anatomi_histologi_HT_25_med_svar.pdf
anatomi_och_histologi_1,"DA5PbRuhdngAeOh9WRrd_Sommartentamen_i_Anatomi_och_histologi,_del_1__Sommar_2023.pdf"
anatomi_och_histologi_1,EM42aQsFDJp0tQm1acV6_Antaomi_&_histologi_del_1.pdf
anatomi_och_histologi_1,ItvvzkjwRmKySd5ESQwK_A.pdf
anatomi_och_histologi_1,JEGaizNAR9eEKbTAtviy_Anatomi_&_Histologi_del_1_ordinarie_tenta_HT23.pdf
anatomi_och_histologi_1,M7XMMEObhjzQhpfZcUft_Omtenta_VT_25.pdf
anatomi_och_histologi_1,PliX3UDlhefaMK8r8rUu_A_H_del_1_sommaromtenta_2025.pdf
anatomi_och_histologi_1,QKmwrg3JU3kT6XJww8MS_Anatomi_Histologi_del_1_ordinarie_tenta_2024_VT.pdf
anatomi_och_histologi_1,TKIMOz0xy6hkxGfDlieY_Tentamen_VT2024.pdf
anatomi_och_histologi_1,VGfIEYW4TelqtyqLoG8d_2192721_91542362_91758363_3.pdf.pdf
anatomi_och_histologi_1,"VVOoLXijIpY8rh3cVo3k_Tenta_med_svar,_HT_25.pdf"
anatomi_och_histologi_1,Vcm8tSE7CPSA3nBA6ZWm_Omtenta_sommar.pdf.pdf
anatomi_och_histologi_1,aGGiNoXtcEDqcvuErN4Q_Tentan.pdf
anatomi_och_histologi_1,axkpj6k7TV5S9XLKRQdg_Anatomi_&_histologi_del_1_-_Ordinarie_tenta_VT23.pdf
anatomi_och_histologi_1,azqjAtPvL7Bim4Z7YhOL_Anatomi_histologi_1.pdf
anatomi_och_histologi_1,fQb9sGSmOeLGymTokp31_Omtenta:_Anatomi_och_histologi_del_1_-_HT24.pdf
anatomi_och_histologi_1,pliAZCQ9x9BXuTDe1Bsq_2192721_101197752_105567216_3.pdf.pdf
anatomi_och_histologi_1,qDYZCuxMKTJoD9UkRwiJ_Tenta_Anatomi_Histologi_1_HT23.pdf
anatomi_och_histologi_1,sMnP9iOuBL9nyPJ7Z3Da_HT24_Anatomi_histologi_del_1_med_svar.pdf
anatomi_och_histologi_1,"vsCmwGTff1qnvfTBilRB_Ordinarie_tenta,_Anatomi_&_histologi_del_1..pdf"
anatomi_och_histologi_1,xrlXedm1iQxVatJCBpKX_Anatomi_&_Histologi_del_1_-_Ordinarie_tentamen_VT23.pdf
anatomi_och_histologi_1,yQhWAwW9lEiLwYZjMdPO_Mailaa_Anabtawi.pdf
anatomi_och_histologi_1,zWq2MjJX1OVYbYwvxm3k_Omtenta_HT_2022.pdf
anatomi_och_histologi_1,zWq2MjJX1OVYbYwvxm3k_Tenta_HT_2022.pdf
anatomi_och_histologi_2,2Kl4uwz4gkFveNRiFP4j_2192721_94004753_91833433_3.pdf.pdf
anatomi_och_histologi_2,5pZwNdsEG8ZpQYyLda0j_Anatomi_Histologi_del_2_Tentamen_VT24.pdf
anatomi_och_histologi_2,FQzm036wZ10sh9XK9Cm3_Anatomi_histologi_del_2.pdf
anatomi_och_histologi_2,I62MlxRfi5pFSSx5ta4D_Ordinarietenta_HT24.pdf
anatomi_och_histologi_2,KO5LUilO0ZhBVivjSQpv_Anatomi_och_histologi_2.pdf
anatomi_och_histologi_2,YZf9yLAXGlkpSbQ9GKlt_Tentor_med_svar.pdf
anatomi_och_histologi_2,Yf2mMHAvrUNRiVM0rsqL_Anatomi_histologi_2.pdf
anatomi_och_histologi_2,agrtXZf1fLL3NpY4HqSt_HT24.pdf
anatomi_och_histologi_2,"kBYDKEDHQf4LDeKnwR4G_Ordinarie_tentamen,_VT23.pdf"
anatomi_och_histologi_2,krErltbbjETnQPe1ZTyP_Omtenta_HT2024.pdf
anatomi_och_histologi_2,rRz5kNecwgRRcJlp9yFl_Anatomi_och_histologi_del_2_-_ordinarie_tenta_VT22.pdf.pdf
anatomi_och_histologi_2,tKsaXUkAmCkhVQ6vfOPb_Anatomi_och_histologi_del_2_HT_2023.pdf
anatomi_och_histologi_2,vLF9fkI77cyyEq7MqVOz_Tentaresultat_Anatomi_och_Histologi_del_2.pdf.pdf
anatomi_och_histologi_2,xD1RurZuaKSQuaAnDCxC_Ordinarie_tentamen_VT25.pdf
biokemi,0Rzyw0y1AB70WmxefxaV_Biokemi_omtenta_HT24_-_91.5_112.pdf
biokemi,BNHcRRcxf7BM1sWehDGn_Biokemitenta_VT2024.pdf
biokemi,CCzCrupZpuwMgz70td7k_Biokemi_originaltenta_HT24.pdf
biokemi,FZ55qAGWoc9HWiZpqymK_Ordinarie_tenta_biokemi_VT23..pdf
biokemi,Gz8pMEnzowRhaEoQaR1A_Omtentamen_biokemi_HT23.pdf
biokemi,JkMiZacE6VRGxIkUvSMp_HT25_tenta_med_svar_.pdf
biokemi,Kl6B60JsTDrL7v4WQ9cA_Biokemi_HT24.pdf
biokemi,O3PIBZmPzM01BaNqfrIj_..pdf
biokemi,OE2xtLhjnBG5ZBv6LwEe_..pdf
biokemi,Qsv4WJKLt8B0Mxelshj7_2192721_125302702_122596285_3.pdf.pdf
biokemi,SssjvOrofs6QL7E5qJoC_LPG001_Tentamen_Biokemi_Ht22.pdf.pdf
biokemi,WM5ZxuvBYeWoYv8xCstU_Biokemi:_Omtentamen_HT24.pdf
biokemi,awbNN7Dbp4EfPdYvWotj_Biokemi_ordinarie_tenta_HT24.pdf
biokemi,g0Yj1r6EFEYGz6CmssPK_Biokemi_tenta_VT24.pdf
biokemi,iEnfIMYH7cOZ2XKMKRpF_Biokemi_ordinarie_tenta_VT_24.pdf
biokemi,jC4VBsXZVzDXsTQATm88_Biokemi_tenta_VT25.pdf
biokemi,lwnJRzvDMNtXRfqhNUZz_2192721_101197752_105567216_3_(5).pdf.pdf
biokemi,q8nzascNHemtHWImIfrL_Biokemitenta_ordinarie_HT23.pdf
biokemi,qXg1DfxVoCM3pMmq28o7_Biokemi_tenta_ht25.pdf
biokemi,ttitVxYwjR2jrJPUkcQX_2192721_94003748_91781097_3.pdf.pdf
biokemi,ufnf2c3fRhclmzCWFo9j_Biokemi_sommaromtenta_24.pdf
biokemi,y3ZtYDQqb5IyQiK27Et9_2192721_98363814_92818475_3-3.pdf.pdf
biokemi,ycoIk3LhSMntHxFnJuxu_Biokemitenta_ordinarie_HT23.pdf
biokemi,zgR2mrD4kbu0N6poWSdk_Sommaromtenta_biokemi_2025.pdf
fysiologi,"1Y3I5uqbzyJ18o8cvxJ9_Del_3_(VT_23,__ordinarie)_.pdf"
fysiologi,2ZD9EsIM1jj2KV8jOqVL_LPG002_-_Fysiologi_-_Deltentamen_II_-_VT25.pdf
fysiologi,3QQtwWiIDxSQQEDqjzNH_Fysiologitenta_I.pdf
fysiologi,3XMIae0Ui0vSwotJsr8t_Delskrivning_3_HT2024.pdf
fysiologi,5RC9H6fzL6YnVagUNj4A_Sommaromtenta_2023_del_3_fysiologi.pdf
fysiologi,7I3UGkJgSQcYE18EYYMR_Tentor_med_svar.pdf
fysiologi,7I3UGkJgSQcYE18EYYMR_Tentor_utan_svar_.pdf
fysiologi,9UxjCiYnak674DbxPuEv_Del_3_omskrivning.pdf
fysiologi,CiyL1wzjXlQxVHpLMxf7_Fysiologi_delskrivning_2_VT24.pdf
fysiologi,DTlLVBlZ5LGumw36lHhS_..pdf
fysiologi,Dt8sDWgmYxD5g1P7O4yT_Delskrivning_III_ordinarie_HT23.pdf
fysiologi,DxmUHrkMYmBc3WUwSv6T_Delskrivning_1_(ordinarie_HT_2024).pdf
fysiologi,F9DDMtR7rZnx7owxaQAh_Deltenta_3_-_fysiologi.pdf.pdf
fysiologi,JBFTVZjrOrC9Ur8wUBLP_Tenta_fysiologi_del_2.pdf
fysiologi,KIWotBE5Iad3puIQTm4h_Omtenta.pdf
fysiologi,LCjrBjJiquEd9Vv2c24A_Tentor_med_svar.pdf
fysiologi,LCjrBjJiquEd9Vv2c24A_Tentor_utan_svar.pdf
fysiologi,OO5BUwU8JKvjNIPHq2sx_Delskrivning_1_omtenta.pdf
fysiologi,P08rYOE20pvKjDCQZYdz_Fysiologi_delskrivning_1.pdf
fysiologi,PPIL2QCsTCH3qgR7hfb8_Fysiologi_Tenta_3_VT2025_-_omtenta.pdf
fysiologi,PpXLTDc3rxOAqCWmEV3i_Delskrivning_II_ordinarie_VT24.pdf
fysiologi,QYP6cfRd2rAy0lBMoZTi_Tentamen_Del_II.pdf
fysiologi,SQt6TO5zA4qm923AJfiq_Tenta_1.pdf
fysiologi,TTzZWIXduyDU8kitE45X_Del_II_Ordinarie_HT25.pdf
fysiologi,UxS7sKT64FruqVH4pEcM_Deltentamen_1_ordinarie_VT24.pdf
fysiologi,WOKrZkB1oO9uL8fa6Bhz_Del_1_Fysiologi_HT23.pdf
fysiologi,ZdfOnRzClkf2c43pEX1K_2192721_106103687_91774365_3.pdf.pdf
fysiologi,bRCo5TlHLoRTFvyGeRip_2192721_104689140_91769157_3.pdf.pdf
fysiologi,fp8GTQvOzINcNkJS7GGA_Fysiologi_Delskrivning_III_VT24.pdf
fysiologi,gbvzaFAlftN30dWvi1Ec_Delskrivning_2_VT25.pdf
fysiologi,gd70TYV3SomKb65gE2bD_Delskrivning_II_omtenta.pdf
fysiologi,kuZFwVDQjpPjgcq1C9gf_LPG002_Fysiologi_Del_II_Omtenta_Sommar.pdf
fysiologi,n1XpAMzymc1aOac6s6Si_Tenta_med_svar_egen.pdf.pdf
fysiologi,oH24giOgwvW38vkRA0Bn_Tentamen_fysiologi_del_1_Ht22.pdf.pdf
fysiologi,pAPkMvqto0l5GopExnVZ_Fysiologi:_Deltentamen_III_-_Ordinarie_-_VT25.pdf
fysiologi,tUEMcmS1CrYLJ1LWhpqG_Tentor_med_svar_.pdf
fysiologi,tUEMcmS1CrYLJ1LWhpqG_Tentor_utan_svar.pdf
fysiologi,vO8DRNW7S11LQTA20FEn_Fysiologi_del_2_.pdf.pdf
fysiologi,wN2MuZHt1GYeZbnlRT0R_tenta_del_3_egen.pdf.pdf
fysiologi,wlCyi0r1FFJA0Mf6j32H_2192721_136433488_122611584_3.pdf.pdf
fysiologi,x2hUWXCpxvQfevZ5ggZQ_Tenta_1_VT25.pdf
fysiologi,"xmQYGO5wA6hwbAyVHKqt_Del_III_(omtenta,_HT23).pdf"
"genetik,_patologi,_pu,_farmakologi_och_konsultation",055D7d489D5xIZ0gPYim_Nivåtenta_HT25.pdf
"genetik,_patologi,_pu,_farmakologi_och_konsultation",0IqCoGoIXfafOvtvn8fk_LPG004_terminstenta_omtenta.pdf
"genetik,_patologi,_pu,_farmakologi_och_konsultation",4kkUBZQoV7OGQTmFzc3J_Omtenta_.pdf
"genetik,_patologi,_pu,_farmakologi_och_konsultation",8PynMv3V7JUKm9f0w2xK_Genetik_&_patologi_2025-12-06.pdf
"genetik,_patologi,_pu,_farmakologi_och_konsultation",8Y2hp0HkBEcH8zK3LvwT_Tentamen_farmakologi_PU_HT24.pdf
"genetik,_patologi,_pu,_farmakologi_och_konsultation",BQ1T1xbQR7aiXQSDeQf2_Nivåtenta_.pdf
"genetik,_patologi,_pu,_farmakologi_och_konsultation",DVDtSaJKOw31r01fWPaS_Ordinarie_patologi_tenta_HT24.pdf
"genetik,_patologi,_pu,_farmakologi_och_konsultation",Ew0RhdOHycFrx1nHlyRN_VT25_Ordinarie_Medicinsk_Genetik_+_Patologi.pdf
"genetik,_patologi,_pu,_farmakologi_och_konsultation",FBIeoh6dx5EFjJSGSSlM_Terminstentamen_T4.pdf
"genetik,_patologi,_pu,_farmakologi_och_konsultation",FWurfrXeHNn92uAyVzNg_[ORDINARIE]_-_Farmakologitenta_-_VT_2025.pdf
"genetik,_patologi,_pu,_farmakologi_och_konsultation",IOmR0BlvQeRADwU3ZJ2k_KiKK_PU_farmakologi_ordinarie_VT25.pdf
"genetik,_patologi,_pu,_farmakologi_och_konsultation",JN9jU2uCwc8fKAjdWnJS_Nivåtenta_VT25.pdf
"genetik,_patologi,_pu,_farmakologi_och_konsultation",LdnavyQTLpwsqoRDgbUq_HT25_ordinarie_tenta.pdf
"genetik,_patologi,_pu,_farmakologi_och_konsultation",MXhLvFbhiW9ZLlBDWVob_Nivåtentamen.se.pdf
"genetik,_patologi,_pu,_farmakologi_och_konsultation",Mtke8hUutoQQVteyujKp_Omtenta_HT24_Patologi_+_genetik_.pdf
"genetik,_patologi,_pu,_farmakologi_och_konsultation",NPkpoDvQT8uIdeRq7Dev_R.pdf
"genetik,_patologi,_pu,_farmakologi_och_konsultation",PV4WZJtQIs7ItjabNY1m_Omtentamen_genetik_patologi.pdf
"genetik,_patologi,_pu,_farmakologi_och_konsultation",Y2bkEINeVsDbi5aIR2cQ_Omtenta_pato+farma_ht_24.pdf
"genetik,_patologi,_pu,_farmakologi_och_konsultation",YWavRN94fxRIl7ajEPgo_Sommarfarma2025.pdf
"genetik,_patologi,_pu,_farmakologi_och_konsultation",bEkLUHlwVNev5JKDJufO_HT25_Patologi_genetik_ordinarie_tentamen.pdf
"genetik,_patologi,_pu,_farmakologi_och_konsultation",foKuxnUnlcqQQDHjE0MA_omtenta_-_terminstenta_VT24.pdf
"genetik,_patologi,_pu,_farmakologi_och_konsultation",gEGvysctOI46XnlnnFEA_Nivåtentamen_med_svar.pdf
"genetik,_patologi,_pu,_farmakologi_och_konsultation",njkl71ynQfpGKBvVWe1X_Patologi_+_Genetik_Sommaromtenta_VT25.pdf
"genetik,_patologi,_pu,_farmakologi_och_konsultation",pvR02m94IEC3iIaqhPdH_Terminstentamen_omtentamen_02_01_2025.pdf
"genetik,_patologi,_pu,_farmakologi_och_konsultation",rcNFFKm2RE9pe8YIdsM6_Terminstenta_T4.pdf
"genetik,_patologi,_pu,_farmakologi_och_konsultation",sXKSPpWKYYdGxo2BG7ZS_Terminstenta_T4_VT24.pdf
"genetik,_patologi,_pu,_farmakologi_och_konsultation",uWhdzuwAntdav5bKu5fD_Ordinarie_tenta_HT24_Genetik_patologi.pdf
"genetik,_patologi,_pu,_farmakologi_och_konsultation",zdiP2RTs1CyhhH3TehDj_omtenta_farmakologi.pdf
"infektion,_immunologi,_reumatologi_mfl",In7WDNWWttRVUthPSGMD_Del_1.pdf
"infektion,_immunologi,_reumatologi_mfl",In7WDNWWttRVUthPSGMD_Del_2.pdf
"infektion,_immunologi,_reumatologi_mfl",PNOxRhzOTiOo8ZXAk0AS_Del_1.pdf
"infektion,_immunologi,_reumatologi_mfl",PNOxRhzOTiOo8ZXAk0AS_Del_2.pdf
"infektion,_immunologi,_reumatologi_mfl",U1ypp414S3mqZzySvRCz_Mitterminstentamen_HT25.pdf
"infektion,_immunologi,_reumatologi_mfl",d5Y5lhqyzBygwrb70HXO_Del_1.pdf
"infektion,_immunologi,_reumatologi_mfl",d5Y5lhqyzBygwrb70HXO_Del_2.pdf
"klinisk_anatomi,_radiologi_och_konsultation",5PQCxI25DeXxauAKYmAl_Omtentamen.pdf
"klinisk_anatomi,_radiologi_och_konsultation",5gmqDkXI9oUu4ikV45Om_Omtenta_klinisk_anatomi_status.pdf
"klinisk_anatomi,_radiologi_och_konsultation",8LOlHWmFRFytQALLLwo6_VT25_tenta_anatomi.pdf
"klinisk_anatomi,_radiologi_och_konsultation",DB3xCkEBCCpKgDFgT4AF_Sommartenta_24.pdf
"klinisk_anatomi,_radiologi_och_konsultation",Jwke5XLr7l7PU4Kt8vwC_Klinisk_Anatomi_&_Status_konsultation_29_5-23.pdf
"klinisk_anatomi,_radiologi_och_konsultation","UsSOuPlxflPRarytcoan_Klinisk_anatomi,_radiologi_och_konsultation_-_Ordinarie_tentamen_VT25.pdf"
"klinisk_anatomi,_radiologi_och_konsultation",Wbf44TyRmljJpXFdYJnF_VT_2024_.pdf
"klinisk_anatomi,_radiologi_och_konsultation","ZS9TBGw2rTJyTxoI7lx0_Omtentamen_del_2,_Klinisk_anatomi_+_status_konsultation.pdf"
"klinisk_anatomi,_radiologi_och_konsultation",ayd70KCGi4ojmJXt0zfW_Tenta_.pdf
"klinisk_anatomi,_radiologi_och_konsultation","cQlcw2cQtYlu6YKjuWw5_Deltentamen_2,_Klinisk_anatomi_och_konsultation_omtentamen_2_ht23.pdf"
"klinisk_anatomi,_radiologi_och_konsultation",fv9QLE2MbvtyTPu3Wmhh_Tentamen_-_Klinisk_anatomi_och_konsultationskunskap.pdf.pdf
"klinisk_anatomi,_radiologi_och_konsultation",kB2SgF1kH0ruoQ5gsMzy_LPG003_Deltentamen_2_Klinisk_anat+status_konsultation.pdf
"klinisk_anatomi,_radiologi_och_konsultation",qfr2H6L7pCaS4pbJ5EWp_R.pdf
"klinisk_anatomi,_radiologi_och_konsultation",rwawXvhUCtPDcGN5v0FX_Omtenta_VT25.pdf
molekylär_cellbiologi_och_utvecklingsbiologi,3Ev0zjb6T8WhQ4xy7pUb_Tenta_MCB_VT2025.pdf
molekylär_cellbiologi_och_utvecklingsbiologi,4avC6IILXLon6ZlyKBaq_VT24utan_svar.pdf
molekylär_cellbiologi_och_utvecklingsbiologi,81YHp5C6zB6zWpcOoQVf_MCB___embryologi_utan_svar_HT_24.pdf
molekylär_cellbiologi_och_utvecklingsbiologi,AuZ6MIW5tutMJ9mMXceo_Ordinarie_HT25_utan_svar.pdf
molekylär_cellbiologi_och_utvecklingsbiologi,EZZ8Dt5ppsd2ZL4X4THu_Tenta.pdf
molekylär_cellbiologi_och_utvecklingsbiologi,FpcXZE3A4y65eb4wgpmy_MCB_omtenta_30.11.2024.pdf
molekylär_cellbiologi_och_utvecklingsbiologi,JyK2jLXz0Kcjuypo0II3_Tentamen_-_MCB_och_utvecklingsbiologi.pdf.pdf
molekylär_cellbiologi_och_utvecklingsbiologi,KRk0QP1kQbeqgQ38IGuA_Omtenta_molekylär_cellbiologi_och_utvecklingsbiologi_VT23.pdf
molekylär_cellbiologi_och_utvecklingsbiologi,KRk0QP1kQbeqgQ38IGuA_Sommaromtenta_23.pdf
molekylär_cellbiologi_och_utvecklingsbiologi,M6tv2364xMcAbvxUEbuy_HT24-_Ordinarietentamen.pdf
molekylär_cellbiologi_och_utvecklingsbiologi,XP9Rm9Cwb978Fd64Xpkd_Molekylär_cellbiologi_och_utvecklingsbiologi_tentamen_HT25.pdf
molekylär_cellbiologi_och_utvecklingsbiologi,XWTpnUDDDGNQo9z8qSVo_Deltentamen_1_molekylär_cellbiologi_och_utvecklingsbiologi.pdf
molekylär_cellbiologi_och_utvecklingsbiologi,Z1UBb6JTNmZ4RklSqwW6_Tenta_VT24.pdf
molekylär_cellbiologi_och_utvecklingsbiologi,eRbyFNyKtPlClnHEILSP_MCB_och_utvecklingsbiologi_-_Ordinarie_tenta_VT23.pdf.pdf
molekylär_cellbiologi_och_utvecklingsbiologi,gEKDsoNwYsiQfLr0fLwM_MCB_Omtenta_HT23.pdf
molekylär_cellbiologi_och_utvecklingsbiologi,hpuZnI0cNExyl0kKRRfz_tenta_egen_mcb_utveck.pdf.pdf
molekylär_cellbiologi_och_utvecklingsbiologi,kG6YzElbdZf691e6sBNA_LPG003_TG_Deltentamen_1_Endast_kursdel_B.pdf
molekylär_cellbiologi_och_utvecklingsbiologi,l934O0lrVaVSnwaeQRDq_Tenta.pdf
molekylär_cellbiologi_och_utvecklingsbiologi,lh3eTtXu1mA4Zr4lnJ1k_Tenta__VT24_MCB_Embryo.pdf
molekylär_cellbiologi_och_utvecklingsbiologi,n6BQO0uMtms0fVLeB59k_Utvecklingsbiologi_HT24_-_Deltentamen_1_Endast_kursdel_B.pdf
molekylär_cellbiologi_och_utvecklingsbiologi,nKQdskkfXqji77DQgMAo_VT25_LPG003_MCB_och_UtvB_utan_svar.pdf
molekylär_cellbiologi_och_utvecklingsbiologi,qEW239fcprKQihoMilyX_VT25_Ordinarie_tentamen.pdf
molekylär_cellbiologi_och_utvecklingsbiologi,vXwCd9jb6iz6ee1eFfpb_MCB+Embryologi_HT24_Ordinarie_tenta.pdf
